{"loss": 6.98578168451786, "_runtime": 128, "_timestamp": 1641504468, "_step": 199, "gradients/fc4.bias": {"_type": "histogram", "values": [1.0, 0.0, 0.0, 0.0, 0.0, 0.0, 0.0, 0.0, 1.0, 0.0, 0.0, 0.0, 0.0, 0.0, 0.0, 0.0, 0.0, 0.0, 1.0, 0.0, 0.0, 0.0, 0.0, 1.0, 0.0, 0.0, 0.0, 0.0, 0.0, 0.0, 0.0, 0.0, 0.0, 0.0, 1.0, 0.0, 0.0, 0.0, 0.0, 1.0, 0.0, 1.0, 0.0, 0.0, 0.0, 0.0, 0.0, 1.0, 0.0, 0.0, 0.0, 0.0, 0.0, 0.0, 0.0, 0.0, 0.0, 0.0, 0.0, 0.0, 0.0, 0.0, 0.0, 2.0], "bins": [-0.005214983131736517, -0.005062564741820097, -0.004910146817564964, -0.004757728427648544, -0.004605310037732124, -0.004452892113476992, -0.004300473723560572, -0.004148055799305439, -0.003995637409389019, -0.0038432192523032427, -0.0036908008623868227, -0.0035383827053010464, -0.00338596454821527, -0.0032335463911294937, -0.0030811280012130737, -0.0029287098441272974, -0.0027762914542108774, -0.002623873297125101, -0.002471454907208681, -0.0023190367501229048, -0.0021666185930371284, -0.0020142002031207085, -0.0018617820460349321, -0.0017093638889491558, -0.0015569456154480577, -0.0014045273419469595, -0.0012521091848611832, -0.001099690911360085, -0.0009472726960666478, -0.0007948544807732105, -0.0006424362072721124, -0.000490018050186336, -0.0003375997766852379, -0.00018518154683988541, -3.276331699453294e-05, 0.00011965492740273476, 0.000272073142696172, 0.00042449135798960924, 0.0005769096314907074, 0.0007293277885764837, 0.0008817460620775819, 0.00103416433557868, 0.0011865824926644564, 0.0013390007661655545, 0.0014914190396666527, 0.001643837196752429, 0.0017962554702535272, 0.0019486736273393035, 0.0021010919008404016, 0.002253510057926178, 0.002405928447842598, 0.0025583466049283743, 0.0027107647620141506, 0.0028631831519305706, 0.003015601309016347, 0.0031680194661021233, 0.0033204378560185432, 0.0034728560131043196, 0.0036252744030207396, 0.003777692560106516, 0.003930110950022936, 0.0040825288742780685, 0.0042349472641944885, 0.0043873656541109085, 0.004539783578366041]}, "gradients/fc4.weight": {"_type": "histogram", "values": [2.0, 0.0, 0.0, 0.0, 0.0, 1.0, 0.0, 1.0, 2.0, 1.0, 0.0, 1.0, 2.0, 0.0, 1.0, 3.0, 4.0, 1.0, 1.0, 5.0, 3.0, 6.0, 5.0, 4.0, 7.0, 7.0, 3.0, 8.0, 10.0, 17.0, 15.0, 20.0, 25.0, 32.0, 40.0, 152.0, 43.0, 42.0, 36.0, 30.0, 25.0, 8.0, 18.0, 12.0, 8.0, 5.0, 6.0, 7.0, 7.0, 2.0, 1.0, 1.0, 2.0, 2.0, 1.0, 1.0, 1.0, 0.0, 0.0, 0.0, 1.0, 1.0, 0.0, 1.0], "bins": [-0.007242776919156313, -0.007037165109068155, -0.006831553298979998, -0.00662594148889184, -0.006420329213142395, -0.006214717403054237, -0.00600910559296608, -0.005803493782877922, -0.005597881972789764, -0.005392270162701607, -0.005186658352613449, -0.0049810465425252914, -0.004775434732437134, -0.004569822922348976, -0.004364210646599531, -0.0041585988365113735, -0.003952987026423216, -0.003747375216335058, -0.0035417634062469006, -0.0033361513633280993, -0.0031305395532399416, -0.002924927743151784, -0.0027193157002329826, -0.002513703890144825, -0.0023080920800566673, -0.0021024802699685097, -0.0018968683434650302, -0.0016912564169615507, -0.001485644606873393, -0.0012800327967852354, -0.001074420870281756, -0.0008688089437782764, -0.0006631966680288315, -0.0004575847997330129, -0.00025197293143719435, -4.636106314137578e-05, 0.0001592508051544428, 0.00036486261524260044, 0.0005704745417460799, 0.0007760864682495594, 0.000981698278337717, 0.0011873100884258747, 0.0013929220149293542, 0.0015985339414328337, 0.0018041457515209913, 0.002009757561609149, 0.0022153696045279503, 0.002420981414616108, 0.0026265932247042656, 0.0028322050347924232, 0.003037816844880581, 0.003243428887799382, 0.00344904069788754, 0.0036546525079756975, 0.003860264550894499, 0.0040658763609826565, 0.004271488171070814, 0.004477099981158972, 0.0046827117912471294, 0.004888323601335287, 0.005093935877084732, 0.00529954768717289, 0.005505159497261047, 0.005710771307349205, 0.005916383117437363]}, "gradients/fc3.bias": {"_type": "histogram", "values": [1.0, 0.0, 0.0, 2.0, 1.0, 0.0, 2.0, 2.0, 1.0, 0.0, 1.0, 1.0, 2.0, 1.0, 4.0, 1.0, 0.0, 1.0, 3.0, 1.0, 0.0, 2.0, 11.0, 1.0, 1.0, 2.0, 2.0, 3.0, 4.0, 1.0, 1.0, 3.0, 3.0, 1.0, 0.0, 1.0, 0.0, 0.0, 0.0, 0.0, 2.0, 0.0, 0.0, 0.0, 0.0, 1.0, 0.0, 0.0, 0.0, 0.0, 0.0, 0.0, 0.0, 0.0, 0.0, 0.0, 0.0, 0.0, 0.0, 0.0, 0.0, 0.0, 0.0, 1.0], "bins": [-0.009343111887574196, -0.008928392082452774, -0.008513671346008778, -0.008098951540887356, -0.007684230804443359, -0.0072695109993219376, -0.006854790262877941, -0.006440070457756519, -0.006025349721312523, -0.005610629450529814, -0.005195909179747105, -0.0047811889089643955, -0.004366468638181686, -0.003951748833060265, -0.003537028329446912, -0.0031223080586642027, -0.0027075880207121372, -0.002292867749929428, -0.001878147479146719, -0.0014634273247793317, -0.0010487070539966226, -0.0006339868996292353, -0.00021926662884652615, 0.00019545364193618298, 0.0006101739127188921, 0.0010248941835016012, 0.0014396144542843103, 0.0018543346086516976, 0.002269054763019085, 0.002683775033801794, 0.003098495304584503, 0.0035132155753672123, 0.003927935846149921, 0.0043426561169326305, 0.00475737638771534, 0.005172096658498049, 0.005586816929280758, 0.00600153673440218, 0.006416257470846176, 0.006830977275967598, 0.007245698012411594, 0.0076604182831943035, 0.008075138553977013, 0.008489858359098434, 0.008904579095542431, 0.009319298900663853, 0.009734019637107849, 0.010148739442229271, 0.010563459247350693, 0.010978179052472115, 0.011392899788916111, 0.011807619594037533, 0.01222234033048153, 0.012637060135602951, 0.013051780872046947, 0.01346650067716837, 0.013881221413612366, 0.014295941218733788, 0.014710661955177784, 0.015125381760299206, 0.015540102496743202, 0.015954822301864624, 0.016369542106986046, 0.016784263774752617, 0.01719898357987404]}, "gradients/fc3.weight": {"_type": "histogram", "values": [1.0, 2.0, 0.0, 0.0, 2.0, 3.0, 3.0, 5.0, 5.0, 10.0, 7.0, 13.0, 20.0, 22.0, 34.0, 46.0, 54.0, 74.0, 108.0, 140.0, 183.0, 253.0, 320.0, 395.0, 467.0, 579.0, 751.0, 1836.0, 553.0, 517.0, 423.0, 302.0, 242.0, 184.0, 175.0, 135.0, 76.0, 55.0, 47.0, 34.0, 21.0, 24.0, 12.0, 11.0, 11.0, 10.0, 3.0, 7.0, 4.0, 4.0, 2.0, 1.0, 1.0, 0.0, 2.0, 0.0, 2.0, 0.0, 0.0, 0.0, 0.0, 0.0, 0.0, 1.0], "bins": [-0.003282490186393261, -0.003161168424412608, -0.0030398466624319553, -0.002918524667620659, -0.002797202905640006, -0.0026758811436593533, -0.0025545593816787004, -0.0024332376196980476, -0.002311915624886751, -0.0021905938629060984, -0.0020692721009254456, -0.001947950222529471, -0.0018266283441334963, -0.0017053065821528435, -0.0015839848201721907, -0.0014626630581915379, -0.001341341296210885, -0.0012200195342302322, -0.0010986976558342576, -0.0009773758938536048, -0.0008560540736652911, -0.0007347322534769773, -0.0006134104914963245, -0.0004920886713080108, -0.0003707668511196971, -0.00024944503093138337, -0.0001281232398469001, -6.80144876241684e-06, 0.00011452037142589688, 0.0002358421916142106, 0.0003571639535948634, 0.00047848577378317714, 0.0005998075939714909, 0.0007211294141598046, 0.0008424512343481183, 0.0009637729963287711, 0.0010850948747247458, 0.0012064166367053986, 0.0013277383986860514, 0.0014490601606667042, 0.0015703820390626788, 0.0016917038010433316, 0.0018130256794393063, 0.001934347441419959, 0.002055669203400612, 0.0021769911982119083, 0.0022983127273619175, 0.002419634722173214, 0.0025409564841538668, 0.0026622782461345196, 0.0027836000081151724, 0.002904921770095825, 0.0030262437649071217, 0.0031475655268877745, 0.0032688872888684273, 0.00339020905084908, 0.003511530812829733, 0.0036328525748103857, 0.0037541743367910385, 0.003875496331602335, 0.003996817860752344, 0.004118139855563641, 0.00423946138471365, 0.004360783379524946, 0.004482105374336243]}, "gradients/fc1.bias": {"_type": "histogram",