{"train_acc": 0.11999999731779099, "train_loss": 2.300548553466797, "epoch": 6, "trainer/global_step": 49, "_runtime": 3, "_timestamp": 1641897701, "_step": 0, "_wandb": {"runtime": 6}}