{"loss": 7.122524306178093, "_runtime": 130, "_timestamp": 1641824147, "_step": 199, "gradients/fc4.bias": {"_type": "histogram", "values": [1.0, 0.0, 0.0, 0.0, 0.0, 1.0, 0.0, 0.0, 0.0, 0.0, 0.0, 0.0, 0.0, 0.0, 0.0, 0.0, 0.0, 0.0, 0.0, 0.0, 1.0, 0.0, 0.0, 0.0, 0.0, 0.0, 0.0, 0.0, 1.0, 0.0, 0.0, 0.0, 0.0, 0.0, 0.0, 0.0, 0.0, 0.0, 0.0, 2.0, 0.0, 0.0, 0.0, 0.0, 0.0, 0.0, 0.0, 0.0, 0.0, 0.0, 1.0, 0.0, 0.0, 1.0, 0.0, 0.0, 0.0, 0.0, 0.0, 0.0, 0.0, 0.0, 0.0, 2.0], "bins": [-0.0039272792637348175, -0.0038199787959456444, -0.0037126780953258276, -0.0036053776275366545, -0.0034980769269168377, -0.0033907764591276646, -0.0032834759913384914, -0.0031761755235493183, -0.0030688748229295015, -0.0029615743551403284, -0.0028542736545205116, -0.0027469731867313385, -0.0026396727189421654, -0.0025323720183223486, -0.0024250715505331755, -0.0023177708499133587, -0.0022104703821241856, -0.0021031699143350124, -0.0019958692137151957, -0.0018885687459260225, -0.0017812681617215276, -0.0016739675775170326, -0.0015666671097278595, -0.0014593665255233645, -0.0013520659413188696, -0.0012447653571143746, -0.0011374647729098797, -0.0010301643051207066, -0.0009228637209162116, -0.0008155631367117167, -0.0007082626107148826, -0.0006009620847180486, -0.00049366126768291, -0.00038636071258224547, -0.00027906015748158097, -0.00017175960238091648, -6.445904728025198e-05, 4.284153692424297e-05, 0.000150142062921077, 0.00025744258891791105, 0.000364743173122406, 0.0004720437282230705, 0.000579344283323735, 0.000686644809320569, 0.000793945393525064, 0.0009012459777295589, 0.001008546445518732, 0.001115847029723227, 0.001223147613927722, 0.001330448198132217, 0.0014377487823367119, 0.001545049250125885, 0.00165234983433038, 0.001759650418534875, 0.001866950886324048, 0.001974251586943865, 0.002081552054733038, 0.002188852522522211, 0.002296153223142028, 0.002403453690931201, 0.0025107543915510178, 0.002618054859340191, 0.002725355327129364, 0.002832655794918537, 0.002939956495538354]}, "gradients/fc4.weight": {"_type": "histogram", "values": [1.0, 0.0, 0.0, 0.0, 0.0, 0.0, 1.0, 1.0, 0.0, 0.0, 0.0, 0.0, 0.0, 1.0, 2.0, 2.0, 4.0, 2.0, 4.0, 0.0, 6.0, 3.0, 5.0, 7.0, 2.0, 7.0, 7.0, 11.0, 9.0, 21.0, 21.0, 21.0, 17.0, 25.0, 31.0, 47.0, 64.0, 51.0, 50.0, 37.0, 36.0, 19.0, 28.0, 24.0, 12.0, 13.0, 15.0, 10.0, 3.0, 5.0, 3.0, 3.0, 1.0, 0.0, 3.0, 0.0, 2.0, 1.0, 0.0, 0.0, 0.0, 1.0, 0.0, 1.0], "bins": [-0.0055087292566895485, -0.005357885733246803, -0.005207042209804058, -0.005056198686361313, -0.004905355162918568, -0.0047545116394758224, -0.004603668116033077, -0.004452824592590332, -0.004301981069147587, -0.004151137545704842, -0.004000294022262096, -0.003849450498819351, -0.003698606975376606, -0.0035477634519338608, -0.0033969201613217592, -0.003246076637879014, -0.0030952333472669125, -0.0029443898238241673, -0.002793546300381422, -0.002642702776938677, -0.0024918592534959316, -0.0023410157300531864, -0.002190172439441085, -0.0020393289159983397, -0.0018884853925555944, -0.0017376418691128492, -0.001586798345670104, -0.0014359549386426806, -0.0012851114151999354, -0.0011342678917571902, -0.0009834244847297668, -0.0008325809612870216, -0.0006817374378442764, -0.0005308939144015312, -0.0003800504491664469, -0.00022920695482753217, -7.836346048861742e-05, 7.248006295412779e-05, 0.00022332352818921208, 0.0003741669934242964, 0.0005250105168670416, 0.0006758540403097868, 0.0008266975055448711, 0.0009775409707799554, 0.0011283844942227006, 0.0012792280176654458, 0.0014300714246928692, 0.0015809149481356144, 0.0017317584715783596, 0.0018826019950211048, 0.00203344551846385, 0.0021842890419065952, 0.0023351325653493404, 0.0024859760887920856, 0.002636819379404187, 0.0027876629028469324, 0.0029385064262896776, 0.003089349949732423, 0.003240193473175168, 0.0033910369966179132, 0.003541880287230015, 0.00369272381067276, 0.0038435673341155052, 0.00399441085755825, 0.004145254381000996]}, "gradients/fc3.bias": {"_type": "histogram", "values": [1.0, 0.0, 0.0, 0.0, 0.0, 1.0, 0.0, 0.0, 0.0, 0.0, 0.0, 1.0, 1.0, 0.0, 1.0, 0.0, 2.0, 0.0, 0.0, 0.0, 4.0, 2.0, 2.0, 3.0, 3.0, 0.0, 0.0, 0.0, 1.0, 1.0, 0.0, 1.0, 1.0, 0.0, 3.0, 2.0, 2.0, 5.0, 1.0, 2.0, 0.0, 1.0, 1.0, 3.0, 1.0, 1.0, 2.0, 3.0, 2.0, 0.0, 1.0, 3.0, 1.0, 1.0, 1.0, 0.0, 0.0, 0.0, 0.0, 0.0, 1.0, 0.0, 1.0, 1.0], "bins": [-0.00917003583163023, -0.008921564556658268, -0.008673093281686306, -0.00842462107539177, -0.008176149800419807, -0.007927678525447845, -0.0076792072504758835, -0.0074307359755039215, -0.007182264234870672, -0.00693379295989871, -0.006685321219265461, -0.006436849944293499, -0.006188378669321537, -0.005939906928688288, -0.005691435653716326, -0.0054429639130830765, -0.0051944926381111145, -0.0049460213631391525, -0.004697549622505903, -0.004449078347533941, -0.004200606606900692, -0.00395213533192873, -0.003703664056956768, -0.0034551925491541624, -0.0032067210413515568, -0.002958249533548951, -0.0027097780257463455, -0.0024613067507743835, -0.002212835242971778, -0.0019643637351691723, -0.0017158923437818885, -0.0014674209523946047, -0.0012189499102532864, -0.0009704784606583416, -0.0007220070110633969, -0.0004735355614684522, -0.0002250641118735075, 2.340739592909813e-05, 0.00027187878731638193, 0.0005203501787036657, 0.0007688216865062714, 0.001017293194308877, 0.0012657645856961608, 0.0015142359770834446, 0.0017627074848860502, 0.002011178992688656, 0.002259650267660618, 0.0025081217754632235, 0.002756593283265829, 0.0030050647910684347, 0.0032535362988710403, 0.0035020075738430023, 0.003750479081645608, 0.003998950589448214, 0.0042474218644201756, 0.004495893605053425, 0.004744364880025387, 0.004992836154997349, 0.005241307895630598, 0.00548977917060256, 0.005738250911235809, 0.005986722186207771, 0.006235193461179733, 0.006483664736151695, 0.0067321364767849445]}, "gradients/fc3.weight": {"_type": "histogram", "values": [2.0, 0.0, 1.0, 2.0, 2.0, 2.0, 7.0, 10.0, 15.0, 20.0, 23.0, 33.0, 44.0, 76.0, 78.0, 98.0, 140.0, 187.0, 220.0, 281.0, 328.0, 452.0, 508.0, 584.0, 726.0, 1370.0, 643.0, 509.0, 403.0, 296.0, 245.0, 205.0, 158.0, 141.0, 75.0, 82.0, 56.0, 35.0, 33.0, 28.0, 17.0, 17.0, 11.0, 8.0, 6.0, 4.0, 1.0, 2.0, 2.0, 1.0, 1.0, 1.0, 0.0, 1.0, 0.0, 0.0, 0.0, 0.0, 0.0, 0.0, 0.0, 1.0, 0.0, 1.0], "bins": [-0.0022110070567578077, -0.002123434329405427, -0.00203586183488369, -0.0019482891075313091, -0.0018607163801789284, -0.0017731437692418694, -0.0016855711583048105, -0.0015979984309524298, -0.0015104258200153708, -0.001422853209078312, -0.0013352804817259312, -0.0012477078707888722, -0.0011601352598518133, -0.0010725625324994326, -0.0009849899215623736, -0.0008974172524176538, -0.000809844583272934, -0.0007222719141282141, -0.0006346992449834943, -0.0005471266340464354, -0.0004595539649017155, -0.0003719812957569957, -0.00028440868481993675, -0.0001968360156752169, -0.00010926334653049707, -2.1690691937692463e-05, 6.588196265511215e-05, 0.00015345460269600153, 0.00024102727184072137, 0.0003285999409854412, 0.00041617255192250013, 0.00050374522106722, 0.0005913181230425835, 0.0006788907921873033, 0.0007664634613320231, 0.0008540360722690821, 0.0009416087414138019, 0.0010291814105585217, 0.0011167540214955807, 0.0012043267488479614, 0.0012918993597850204, 0.0013794719707220793, 0.00146704469807446, 0.001554617309011519, 0.0016421899199485779, 0.0017297626473009586, 0.0018173352582380176, 0.0019049078691750765, 0.0019924805965274572, 0.002080053323879838, 0.002167625818401575, 0.002255198545753956, 0.0023427712731063366, 0.0024303440004587173, 0.0025179164949804544, 0.002605489222332835, 0.0026930617168545723, 0.002780634444206953, 0.00286820693872869, 0.002955779666081071, 0.0030433523934334517, 0.0031309248879551888, 0.0032184976153075695, 0.0033060703426599503, 0.003393643070012331]}, "gradients/fc1.bias": {"_type": "histogram",