{"logits": {"_type": "histogram", "values": [2, 1, 1, 3, 3, 3, 17, 16, 31, 38, 59, 82, 105, 138, 175, 193, 253, 294, 332, 339, 334, 355, 377, 373, 378, 355, 399, 422, 441, 444, 485, 486, 462, 380, 315, 263, 193, 132, 96, 75, 63, 36, 21, 15, 11, 0, 2, 3, 8, 23, 42, 59, 97, 110, 141, 151, 122, 90, 79, 30, 28, 13, 4, 2], "bins": [-2.4130020141601562, -2.4092154502868652, -2.405428647994995, -2.401642084121704, -2.397855520248413, -2.394068717956543, -2.390282154083252, -2.386495590209961, -2.38270902633667, -2.3789222240448, -2.375135660171509, -2.3713490962982178, -2.3675622940063477, -2.3637757301330566, -2.3599891662597656, -2.3562023639678955, -2.3524158000946045, -2.3486292362213135, -2.3448424339294434, -2.3410558700561523, -2.3372693061828613, -2.333482503890991, -2.3296959400177, -2.325909376144409, -2.322122573852539, -2.318336009979248, -2.314549446105957, -2.310762882232666, -2.306976079940796, -2.303189516067505, -2.299402952194214, -2.2956161499023438, -2.2918295860290527, -2.2880430221557617, -2.2842562198638916, -2.2804696559906006, -2.2766830921173096, -2.2728962898254395, -2.2691097259521484, -2.2653231620788574, -2.2615365982055664, -2.2577497959136963, -2.2539632320404053, -2.2501766681671143, -2.246389865875244, -2.242603302001953, -2.238816738128662, -2.235029935836792, -2.231243371963501, -2.22745680809021, -2.22367000579834, -2.219883441925049, -2.216096878051758, -2.2123100757598877, -2.2085235118865967, -2.2047369480133057, -2.2009501457214355, -2.1971635818481445, -2.1933770179748535, -2.1895904541015625, -2.1858036518096924, -2.1820170879364014, -2.1782305240631104, -2.1744437217712402, -2.170657157897949]}, "_runtime": 10, "_timestamp": 1641895665, "_step": 80, "val_loss": 2.2971994876861572, "acc": 0.11699999868869781, "epoch": 6, "trainer/global_step": 49, "_wandb": {"runtime": 7}}