{"train_acc": 0.11699999868869781, "train_loss": 2.298379421234131, "epoch": 6, "trainer/global_step": 49, "_runtime": 4, "_timestamp": 1641898545, "_step": 0, "_wandb": {"runtime": 6}}