{"val_loss": 2.292670249938965, "acc": 0.11699999868869781, "epoch": 6, "trainer/global_step": 49, "_runtime": 8, "_timestamp": 1641895416, "_step": 0, "_wandb": {"runtime": 8}}